,Position,PositionText,Points,DriverId,GivenName,FamilyName,Race,Race_name
0,1,1,25,max_verstappen,Max,Verstappen,1.0,Bahrain Grand Prix
4,2,2,18,perez,Sergio,Pérez,1.0,Bahrain Grand Prix
5,3,3,15,alonso,Fernando,Alonso,1.0,Bahrain Grand Prix
6,4,4,12,sainz,Carlos,Sainz,1.0,Bahrain Grand Prix
7,5,5,10,hamilton,Lewis,Hamilton,1.0,Bahrain Grand Prix
8,6,6,8,stroll,Lance,Stroll,1.0,Bahrain Grand Prix
9,7,7,6,russell,George,Russell,1.0,Bahrain Grand Prix
10,8,8,4,bottas,Valtteri,Bottas,1.0,Bahrain Grand Prix
11,9,9,2,gasly,Pierre,Gasly,1.0,Bahrain Grand Prix
12,10,10,1,albon,Alexander,Albon,1.0,Bahrain Grand Prix
13,11,11,0,tsunoda,Yuki,Tsunoda,1.0,Bahrain Grand Prix
14,12,12,0,sargeant,Logan,Sargeant,1.0,Bahrain Grand Prix
15,13,13,0,kevin_magnussen,Kevin,Magnussen,1.0,Bahrain Grand Prix
16,14,14,0,de_vries,Nyck,de Vries,1.0,Bahrain Grand Prix
17,15,15,0,hulkenberg,Nico,Hülkenberg,1.0,Bahrain Grand Prix
18,16,16,0,zhou,Guanyu,Zhou,1.0,Bahrain Grand Prix
19,17,17,0,norris,Lando,Norris,1.0,Bahrain Grand Prix
20,18,R,0,ocon,Esteban,Ocon,1.0,Bahrain Grand Prix
21,19,R,0,leclerc,Charles,Leclerc,1.0,Bahrain Grand Prix
22,20,R,0,piastri,Oscar,Piastri,1.0,Bahrain Grand Prix
23,1,1,25,perez,Sergio,Pérez,2.0,Saudi Arabian Grand Prix
24,2,2,19,max_verstappen,Max,Verstappen,2.0,Saudi Arabian Grand Prix
25,3,3,15,alonso,Fernando,Alonso,2.0,Saudi Arabian Grand Prix
26,4,4,12,russell,George,Russell,2.0,Saudi Arabian Grand Prix
27,5,5,10,hamilton,Lewis,Hamilton,2.0,Saudi Arabian Grand Prix
28,6,6,8,sainz,Carlos,Sainz,2.0,Saudi Arabian Grand Prix
29,7,7,6,leclerc,Charles,Leclerc,2.0,Saudi Arabian Grand Prix
30,8,8,4,ocon,Esteban,Ocon,2.0,Saudi Arabian Grand Prix
31,9,9,2,gasly,Pierre,Gasly,2.0,Saudi Arabian Grand Prix
32,10,10,1,kevin_magnussen,Kevin,Magnussen,2.0,Saudi Arabian Grand Prix
33,11,11,0,tsunoda,Yuki,Tsunoda,2.0,Saudi Arabian Grand Prix
34,12,12,0,hulkenberg,Nico,Hülkenberg,2.0,Saudi Arabian Grand Prix
35,13,13,0,zhou,Guanyu,Zhou,2.0,Saudi Arabian Grand Prix
36,14,14,0,de_vries,Nyck,de Vries,2.0,Saudi Arabian Grand Prix
37,15,15,0,piastri,Oscar,Piastri,2.0,Saudi Arabian Grand Prix
38,16,16,0,sargeant,Logan,Sargeant,2.0,Saudi Arabian Grand Prix
39,17,17,0,norris,Lando,Norris,2.0,Saudi Arabian Grand Prix
40,18,18,0,bottas,Valtteri,Bottas,2.0,Saudi Arabian Grand Prix
41,19,R,0,albon,Alexander,Albon,2.0,Saudi Arabian Grand Prix
42,20,R,0,stroll,Lance,Stroll,2.0,Saudi Arabian Grand Prix
43,1,1,25,max_verstappen,Max,Verstappen,3.0,Australian Grand Prix
44,2,2,18,hamilton,Lewis,Hamilton,3.0,Australian Grand Prix
45,3,3,15,alonso,Fernando,Alonso,3.0,Australian Grand Prix
46,4,4,12,stroll,Lance,Stroll,3.0,Australian Grand Prix
47,5,5,11,perez,Sergio,Pérez,3.0,Australian Grand Prix
48,6,6,8,norris,Lando,Norris,3.0,Australian Grand Prix
49,7,7,6,hulkenberg,Nico,Hülkenberg,3.0,Australian Grand Prix
50,8,8,4,piastri,Oscar,Piastri,3.0,Australian Grand Prix
51,9,9,2,zhou,Guanyu,Zhou,3.0,Australian Grand Prix
56,10,10,1,tsunoda,Yuki,Tsunoda,3.0,Australian Grand Prix
57,11,11,0,bottas,Valtteri,Bottas,3.0,Australian Grand Prix
58,12,12,0,sainz,Carlos,Sainz,3.0,Australian Grand Prix
59,13,13,0,gasly,Pierre,Gasly,3.0,Australian Grand Prix
60,14,14,0,ocon,Esteban,Ocon,3.0,Australian Grand Prix
71,15,15,0,de_vries,Nyck,de Vries,3.0,Australian Grand Prix
74,16,16,0,sargeant,Logan,Sargeant,3.0,Australian Grand Prix
75,17,17,0,kevin_magnussen,Kevin,Magnussen,3.0,Australian Grand Prix
76,18,R,0,russell,George,Russell,3.0,Australian Grand Prix
77,19,R,0,albon,Alexander,Albon,3.0,Australian Grand Prix
78,20,R,0,leclerc,Charles,Leclerc,3.0,Australian Grand Prix
79,1,1,25,perez,Sergio,Pérez,4.0,Azerbaijan Grand Prix
80,2,2,18,max_verstappen,Max,Verstappen,4.0,Azerbaijan Grand Prix
81,3,3,15,leclerc,Charles,Leclerc,4.0,Azerbaijan Grand Prix
82,4,4,12,alonso,Fernando,Alonso,4.0,Azerbaijan Grand Prix
83,5,5,10,sainz,Carlos,Sainz,4.0,Azerbaijan Grand Prix
84,6,6,8,hamilton,Lewis,Hamilton,4.0,Azerbaijan Grand Prix
85,7,7,6,stroll,Lance,Stroll,4.0,Azerbaijan Grand Prix
86,8,8,5,russell,George,Russell,4.0,Azerbaijan Grand Prix
87,9,9,2,norris,Lando,Norris,4.0,Azerbaijan Grand Prix
88,10,10,1,tsunoda,Yuki,Tsunoda,4.0,Azerbaijan Grand Prix
89,11,11,0,piastri,Oscar,Piastri,4.0,Azerbaijan Grand Prix
90,12,12,0,albon,Alexander,Albon,4.0,Azerbaijan Grand Prix
91,13,13,0,kevin_magnussen,Kevin,Magnussen,4.0,Azerbaijan Grand Prix
92,14,14,0,gasly,Pierre,Gasly,4.0,Azerbaijan Grand Prix
93,15,15,0,ocon,Esteban,Ocon,4.0,Azerbaijan Grand Prix
94,16,16,0,sargeant,Logan,Sargeant,4.0,Azerbaijan Grand Prix
95,17,17,0,hulkenberg,Nico,Hülkenberg,4.0,Azerbaijan Grand Prix
96,18,18,0,bottas,Valtteri,Bottas,4.0,Azerbaijan Grand Prix
97,19,R,0,zhou,Guanyu,Zhou,4.0,Azerbaijan Grand Prix
98,20,R,0,de_vries,Nyck,de Vries,4.0,Azerbaijan Grand Prix
99,1,1,26,max_verstappen,Max,Verstappen,5.0,Miami Grand Prix
100,2,2,18,perez,Sergio,Pérez,5.0,Miami Grand Prix
101,3,3,15,alonso,Fernando,Alonso,5.0,Miami Grand Prix
102,4,4,12,russell,George,Russell,5.0,Miami Grand Prix
103,5,5,10,sainz,Carlos,Sainz,5.0,Miami Grand Prix
104,6,6,8,hamilton,Lewis,Hamilton,5.0,Miami Grand Prix
105,7,7,6,leclerc,Charles,Leclerc,5.0,Miami Grand Prix
106,8,8,4,gasly,Pierre,Gasly,5.0,Miami Grand Prix
107,9,9,2,ocon,Esteban,Ocon,5.0,Miami Grand Prix
108,10,10,1,kevin_magnussen,Kevin,Magnussen,5.0,Miami Grand Prix
109,11,11,0,tsunoda,Yuki,Tsunoda,5.0,Miami Grand Prix
110,12,12,0,stroll,Lance,Stroll,5.0,Miami Grand Prix
111,13,13,0,bottas,Valtteri,Bottas,5.0,Miami Grand Prix
112,14,14,0,albon,Alexander,Albon,5.0,Miami Grand Prix
113,15,15,0,hulkenberg,Nico,Hülkenberg,5.0,Miami Grand Prix
114,16,16,0,zhou,Guanyu,Zhou,5.0,Miami Grand Prix
115,17,17,0,norris,Lando,Norris,5.0,Miami Grand Prix
116,18,18,0,de_vries,Nyck,de Vries,5.0,Miami Grand Prix
117,19,19,0,piastri,Oscar,Piastri,5.0,Miami Grand Prix
118,20,20,0,sargeant,Logan,Sargeant,5.0,Miami Grand Prix
119,1,1,25,max_verstappen,Max,Verstappen,6.0,Monaco Grand Prix
120,2,2,18,alonso,Fernando,Alonso,6.0,Monaco Grand Prix
121,3,3,15,ocon,Esteban,Ocon,6.0,Monaco Grand Prix
122,4,4,13,hamilton,Lewis,Hamilton,6.0,Monaco Grand Prix
123,5,5,10,russell,George,Russell,6.0,Monaco Grand Prix
124,6,6,8,leclerc,Charles,Leclerc,6.0,Monaco Grand Prix
125,7,7,6,gasly,Pierre,Gasly,6.0,Monaco Grand Prix
126,8,8,4,sainz,Carlos,Sainz,6.0,Monaco Grand Prix
127,9,9,2,norris,Lando,Norris,6.0,Monaco Grand Prix
128,10,10,1,piastri,Oscar,Piastri,6.0,Monaco Grand Prix
129,11,11,0,bottas,Valtteri,Bottas,6.0,Monaco Grand Prix
130,12,12,0,de_vries,Nyck,de Vries,6.0,Monaco Grand Prix
131,13,13,0,zhou,Guanyu,Zhou,6.0,Monaco Grand Prix
132,14,14,0,albon,Alexander,Albon,6.0,Monaco Grand Prix
133,15,15,0,tsunoda,Yuki,Tsunoda,6.0,Monaco Grand Prix
134,16,16,0,perez,Sergio,Pérez,6.0,Monaco Grand Prix
135,17,17,0,hulkenberg,Nico,Hülkenberg,6.0,Monaco Grand Prix
136,18,18,0,sargeant,Logan,Sargeant,6.0,Monaco Grand Prix
137,19,R,0,kevin_magnussen,Kevin,Magnussen,6.0,Monaco Grand Prix
138,20,R,0,stroll,Lance,Stroll,6.0,Monaco Grand Prix
139,1,1,26,max_verstappen,Max,Verstappen,7.0,Spanish Grand Prix
140,2,2,18,hamilton,Lewis,Hamilton,7.0,Spanish Grand Prix
141,3,3,15,russell,George,Russell,7.0,Spanish Grand Prix
142,4,4,12,perez,Sergio,Pérez,7.0,Spanish Grand Prix
143,5,5,10,sainz,Carlos,Sainz,7.0,Spanish Grand Prix
144,6,6,8,stroll,Lance,Stroll,7.0,Spanish Grand Prix
145,7,7,6,alonso,Fernando,Alonso,7.0,Spanish Grand Prix
146,8,8,4,ocon,Esteban,Ocon,7.0,Spanish Grand Prix
147,9,9,2,zhou,Guanyu,Zhou,7.0,Spanish Grand Prix
148,10,10,1,gasly,Pierre,Gasly,7.0,Spanish Grand Prix
149,11,11,0,leclerc,Charles,Leclerc,7.0,Spanish Grand Prix
150,12,12,0,tsunoda,Yuki,Tsunoda,7.0,Spanish Grand Prix
151,13,13,0,piastri,Oscar,Piastri,7.0,Spanish Grand Prix
152,14,14,0,de_vries,Nyck,de Vries,7.0,Spanish Grand Prix
153,15,15,0,hulkenberg,Nico,Hülkenberg,7.0,Spanish Grand Prix
154,16,16,0,albon,Alexander,Albon,7.0,Spanish Grand Prix
155,17,17,0,norris,Lando,Norris,7.0,Spanish Grand Prix
156,18,18,0,kevin_magnussen,Kevin,Magnussen,7.0,Spanish Grand Prix
157,19,19,0,bottas,Valtteri,Bottas,7.0,Spanish Grand Prix
158,20,20,0,sargeant,Logan,Sargeant,7.0,Spanish Grand Prix
159,1,1,25,max_verstappen,Max,Verstappen,8.0,Canadian Grand Prix
160,2,2,18,alonso,Fernando,Alonso,8.0,Canadian Grand Prix
161,3,3,15,hamilton,Lewis,Hamilton,8.0,Canadian Grand Prix
162,4,4,12,leclerc,Charles,Leclerc,8.0,Canadian Grand Prix
163,5,5,10,sainz,Carlos,Sainz,8.0,Canadian Grand Prix
164,6,6,9,perez,Sergio,Pérez,8.0,Canadian Grand Prix
165,7,7,6,albon,Alexander,Albon,8.0,Canadian Grand Prix
166,8,8,4,ocon,Esteban,Ocon,8.0,Canadian Grand Prix
167,9,9,2,stroll,Lance,Stroll,8.0,Canadian Grand Prix
168,10,10,1,bottas,Valtteri,Bottas,8.0,Canadian Grand Prix
169,11,11,0,piastri,Oscar,Piastri,8.0,Canadian Grand Prix
170,12,12,0,gasly,Pierre,Gasly,8.0,Canadian Grand Prix
171,13,13,0,norris,Lando,Norris,8.0,Canadian Grand Prix
172,14,14,0,tsunoda,Yuki,Tsunoda,8.0,Canadian Grand Prix
173,15,15,0,hulkenberg,Nico,Hülkenberg,8.0,Canadian Grand Prix
174,16,16,0,zhou,Guanyu,Zhou,8.0,Canadian Grand Prix
175,17,17,0,kevin_magnussen,Kevin,Magnussen,8.0,Canadian Grand Prix
176,18,18,0,de_vries,Nyck,de Vries,8.0,Canadian Grand Prix
177,19,R,0,russell,George,Russell,8.0,Canadian Grand Prix
178,20,R,0,sargeant,Logan,Sargeant,8.0,Canadian Grand Prix
179,1,1,26,max_verstappen,Max,Verstappen,9.0,Austrian Grand Prix
180,2,2,18,leclerc,Charles,Leclerc,9.0,Austrian Grand Prix
181,3,3,15,perez,Sergio,Pérez,9.0,Austrian Grand Prix
182,4,4,12,norris,Lando,Norris,9.0,Austrian Grand Prix
183,5,5,10,alonso,Fernando,Alonso,9.0,Austrian Grand Prix
184,6,6,8,sainz,Carlos,Sainz,9.0,Austrian Grand Prix
185,7,7,6,russell,George,Russell,9.0,Austrian Grand Prix
186,8,8,4,hamilton,Lewis,Hamilton,9.0,Austrian Grand Prix
187,9,9,2,stroll,Lance,Stroll,9.0,Austrian Grand Prix
188,10,10,1,gasly,Pierre,Gasly,9.0,Austrian Grand Prix
189,11,11,0,albon,Alexander,Albon,9.0,Austrian Grand Prix
190,12,12,0,zhou,Guanyu,Zhou,9.0,Austrian Grand Prix
191,13,13,0,sargeant,Logan,Sargeant,9.0,Austrian Grand Prix
192,14,14,0,ocon,Esteban,Ocon,9.0,Austrian Grand Prix
193,15,15,0,bottas,Valtteri,Bottas,9.0,Austrian Grand Prix
194,16,16,0,piastri,Oscar,Piastri,9.0,Austrian Grand Prix
195,17,17,0,de_vries,Nyck,de Vries,9.0,Austrian Grand Prix
196,18,18,0,kevin_magnussen,Kevin,Magnussen,9.0,Austrian Grand Prix
197,19,19,0,tsunoda,Yuki,Tsunoda,9.0,Austrian Grand Prix
198,20,R,0,hulkenberg,Nico,Hülkenberg,9.0,Austrian Grand Prix
199,1,1,26,max_verstappen,Max,Verstappen,10.0,British Grand Prix
200,2,2,18,norris,Lando,Norris,10.0,British Grand Prix
201,3,3,15,hamilton,Lewis,Hamilton,10.0,British Grand Prix
202,4,4,12,piastri,Oscar,Piastri,10.0,British Grand Prix
203,5,5,10,russell,George,Russell,10.0,British Grand Prix
204,6,6,8,perez,Sergio,Pérez,10.0,British Grand Prix
205,7,7,6,alonso,Fernando,Alonso,10.0,British Grand Prix
206,8,8,4,albon,Alexander,Albon,10.0,British Grand Prix
207,9,9,2,leclerc,Charles,Leclerc,10.0,British Grand Prix
208,10,10,1,sainz,Carlos,Sainz,10.0,British Grand Prix
209,11,11,0,sargeant,Logan,Sargeant,10.0,British Grand Prix
210,12,12,0,bottas,Valtteri,Bottas,10.0,British Grand Prix
211,13,13,0,hulkenberg,Nico,Hülkenberg,10.0,British Grand Prix
212,14,14,0,stroll,Lance,Stroll,10.0,British Grand Prix
213,15,15,0,zhou,Guanyu,Zhou,10.0,British Grand Prix
214,16,16,0,tsunoda,Yuki,Tsunoda,10.0,British Grand Prix
215,17,17,0,de_vries,Nyck,de Vries,10.0,British Grand Prix
216,18,18,0,gasly,Pierre,Gasly,10.0,British Grand Prix
217,19,R,0,kevin_magnussen,Kevin,Magnussen,10.0,British Grand Prix
218,20,R,0,ocon,Esteban,Ocon,10.0,British Grand Prix
219,1,1,26,max_verstappen,Max,Verstappen,11.0,Hungarian Grand Prix
220,2,2,18,norris,Lando,Norris,11.0,Hungarian Grand Prix
221,3,3,15,perez,Sergio,Pérez,11.0,Hungarian Grand Prix
222,4,4,12,hamilton,Lewis,Hamilton,11.0,Hungarian Grand Prix
223,5,5,10,piastri,Oscar,Piastri,11.0,Hungarian Grand Prix
224,6,6,8,russell,George,Russell,11.0,Hungarian Grand Prix
225,7,7,6,leclerc,Charles,Leclerc,11.0,Hungarian Grand Prix
226,8,8,4,sainz,Carlos,Sainz,11.0,Hungarian Grand Prix
227,9,9,2,alonso,Fernando,Alonso,11.0,Hungarian Grand Prix
228,10,10,1,stroll,Lance,Stroll,11.0,Hungarian Grand Prix
229,11,11,0,albon,Alexander,Albon,11.0,Hungarian Grand Prix
230,12,12,0,bottas,Valtteri,Bottas,11.0,Hungarian Grand Prix
231,13,13,0,ricciardo,Daniel,Ricciardo,11.0,Hungarian Grand Prix
232,14,14,0,hulkenberg,Nico,Hülkenberg,11.0,Hungarian Grand Prix
233,15,15,0,tsunoda,Yuki,Tsunoda,11.0,Hungarian Grand Prix
234,16,16,0,zhou,Guanyu,Zhou,11.0,Hungarian Grand Prix
235,17,17,0,kevin_magnussen,Kevin,Magnussen,11.0,Hungarian Grand Prix
236,18,R,0,sargeant,Logan,Sargeant,11.0,Hungarian Grand Prix
237,19,R,0,ocon,Esteban,Ocon,11.0,Hungarian Grand Prix
238,20,R,0,gasly,Pierre,Gasly,11.0,Hungarian Grand Prix
239,1,1,25,max_verstappen,Max,Verstappen,12.0,Belgian Grand Prix
240,2,2,18,perez,Sergio,Pérez,12.0,Belgian Grand Prix
241,3,3,15,leclerc,Charles,Leclerc,12.0,Belgian Grand Prix
242,4,4,13,hamilton,Lewis,Hamilton,12.0,Belgian Grand Prix
243,5,5,10,alonso,Fernando,Alonso,12.0,Belgian Grand Prix
244,6,6,8,russell,George,Russell,12.0,Belgian Grand Prix
245,7,7,6,norris,Lando,Norris,12.0,Belgian Grand Prix
246,8,8,4,ocon,Esteban,Ocon,12.0,Belgian Grand Prix
247,9,9,2,stroll,Lance,Stroll,12.0,Belgian Grand Prix
248,10,10,1,tsunoda,Yuki,Tsunoda,12.0,Belgian Grand Prix
249,11,11,0,gasly,Pierre,Gasly,12.0,Belgian Grand Prix
250,12,12,0,bottas,Valtteri,Bottas,12.0,Belgian Grand Prix
251,13,13,0,zhou,Guanyu,Zhou,12.0,Belgian Grand Prix
252,14,14,0,albon,Alexander,Albon,12.0,Belgian Grand Prix
253,15,15,0,kevin_magnussen,Kevin,Magnussen,12.0,Belgian Grand Prix
254,16,16,0,ricciardo,Daniel,Ricciardo,12.0,Belgian Grand Prix
255,17,17,0,sargeant,Logan,Sargeant,12.0,Belgian Grand Prix
256,18,18,0,hulkenberg,Nico,Hülkenberg,12.0,Belgian Grand Prix
257,19,R,0,sainz,Carlos,Sainz,12.0,Belgian Grand Prix
258,20,R,0,piastri,Oscar,Piastri,12.0,Belgian Grand Prix
259,1,1,25,max_verstappen,Max,Verstappen,13.0,Dutch Grand Prix
260,2,2,19,alonso,Fernando,Alonso,13.0,Dutch Grand Prix
261,3,3,15,gasly,Pierre,Gasly,13.0,Dutch Grand Prix
262,4,4,12,perez,Sergio,Pérez,13.0,Dutch Grand Prix
263,5,5,10,sainz,Carlos,Sainz,13.0,Dutch Grand Prix
264,6,6,8,hamilton,Lewis,Hamilton,13.0,Dutch Grand Prix
265,7,7,6,norris,Lando,Norris,13.0,Dutch Grand Prix
266,8,8,4,albon,Alexander,Albon,13.0,Dutch Grand Prix
267,9,9,2,piastri,Oscar,Piastri,13.0,Dutch Grand Prix
268,10,10,1,ocon,Esteban,Ocon,13.0,Dutch Grand Prix
269,11,11,0,stroll,Lance,Stroll,13.0,Dutch Grand Prix
270,12,12,0,hulkenberg,Nico,Hülkenberg,13.0,Dutch Grand Prix
271,13,13,0,lawson,Liam,Lawson,13.0,Dutch Grand Prix
272,14,14,0,bottas,Valtteri,Bottas,13.0,Dutch Grand Prix
273,15,15,0,tsunoda,Yuki,Tsunoda,13.0,Dutch Grand Prix
274,16,16,0,kevin_magnussen,Kevin,Magnussen,13.0,Dutch Grand Prix
275,17,17,0,russell,George,Russell,13.0,Dutch Grand Prix
276,18,R,0,zhou,Guanyu,Zhou,13.0,Dutch Grand Prix
277,19,R,0,leclerc,Charles,Leclerc,13.0,Dutch Grand Prix
278,20,R,0,sargeant,Logan,Sargeant,13.0,Dutch Grand Prix
279,1,1,25,max_verstappen,Max,Verstappen,14.0,Italian Grand Prix
280,2,2,18,perez,Sergio,Pérez,14.0,Italian Grand Prix
281,3,3,15,sainz,Carlos,Sainz,14.0,Italian Grand Prix
282,4,4,12,leclerc,Charles,Leclerc,14.0,Italian Grand Prix
283,5,5,10,russell,George,Russell,14.0,Italian Grand Prix
284,6,6,8,hamilton,Lewis,Hamilton,14.0,Italian Grand Prix
285,7,7,6,albon,Alexander,Albon,14.0,Italian Grand Prix
286,8,8,4,norris,Lando,Norris,14.0,Italian Grand Prix
287,9,9,2,alonso,Fernando,Alonso,14.0,Italian Grand Prix
288,10,10,1,bottas,Valtteri,Bottas,14.0,Italian Grand Prix
289,11,11,0,lawson,Liam,Lawson,14.0,Italian Grand Prix
290,12,12,0,piastri,Oscar,Piastri,14.0,Italian Grand Prix
291,13,13,0,sargeant,Logan,Sargeant,14.0,Italian Grand Prix
292,14,14,0,zhou,Guanyu,Zhou,14.0,Italian Grand Prix
293,15,15,0,gasly,Pierre,Gasly,14.0,Italian Grand Prix
294,16,16,0,stroll,Lance,Stroll,14.0,Italian Grand Prix
295,17,17,0,hulkenberg,Nico,Hülkenberg,14.0,Italian Grand Prix
296,18,18,0,kevin_magnussen,Kevin,Magnussen,14.0,Italian Grand Prix
297,19,R,0,ocon,Esteban,Ocon,14.0,Italian Grand Prix
298,20,R,0,tsunoda,Yuki,Tsunoda,14.0,Italian Grand Prix
299,1,1,25,sainz,Carlos,Sainz,15.0,Singapore Grand Prix
300,2,2,18,norris,Lando,Norris,15.0,Singapore Grand Prix
301,3,3,16,hamilton,Lewis,Hamilton,15.0,Singapore Grand Prix
302,4,4,12,leclerc,Charles,Leclerc,15.0,Singapore Grand Prix
303,5,5,10,max_verstappen,Max,Verstappen,15.0,Singapore Grand Prix
304,6,6,8,gasly,Pierre,Gasly,15.0,Singapore Grand Prix
305,7,7,6,piastri,Oscar,Piastri,15.0,Singapore Grand Prix
306,8,8,4,perez,Sergio,Pérez,15.0,Singapore Grand Prix
307,9,9,2,lawson,Liam,Lawson,15.0,Singapore Grand Prix
308,10,10,1,kevin_magnussen,Kevin,Magnussen,15.0,Singapore Grand Prix
309,11,11,0,albon,Alexander,Albon,15.0,Singapore Grand Prix
310,12,12,0,zhou,Guanyu,Zhou,15.0,Singapore Grand Prix
311,13,13,0,hulkenberg,Nico,Hülkenberg,15.0,Singapore Grand Prix
312,14,14,0,sargeant,Logan,Sargeant,15.0,Singapore Grand Prix
313,15,15,0,alonso,Fernando,Alonso,15.0,Singapore Grand Prix
314,16,16,0,russell,George,Russell,15.0,Singapore Grand Prix
315,17,R,0,bottas,Valtteri,Bottas,15.0,Singapore Grand Prix
316,18,R,0,ocon,Esteban,Ocon,15.0,Singapore Grand Prix
317,19,R,0,tsunoda,Yuki,Tsunoda,15.0,Singapore Grand Prix
318,20,W,0,stroll,Lance,Stroll,15.0,Singapore Grand Prix
319,1,1,26,max_verstappen,Max,Verstappen,16.0,Japanese Grand Prix
320,2,2,18,norris,Lando,Norris,16.0,Japanese Grand Prix
321,3,3,15,piastri,Oscar,Piastri,16.0,Japanese Grand Prix
322,4,4,12,leclerc,Charles,Leclerc,16.0,Japanese Grand Prix
323,5,5,10,hamilton,Lewis,Hamilton,16.0,Japanese Grand Prix
324,6,6,8,sainz,Carlos,Sainz,16.0,Japanese Grand Prix
325,7,7,6,russell,George,Russell,16.0,Japanese Grand Prix
326,8,8,4,alonso,Fernando,Alonso,16.0,Japanese Grand Prix
327,9,9,2,ocon,Esteban,Ocon,16.0,Japanese Grand Prix
328,10,10,1,gasly,Pierre,Gasly,16.0,Japanese Grand Prix
329,11,11,0,lawson,Liam,Lawson,16.0,Japanese Grand Prix
330,12,12,0,tsunoda,Yuki,Tsunoda,16.0,Japanese Grand Prix
331,13,13,0,zhou,Guanyu,Zhou,16.0,Japanese Grand Prix
332,14,14,0,hulkenberg,Nico,Hülkenberg,16.0,Japanese Grand Prix
333,15,15,0,kevin_magnussen,Kevin,Magnussen,16.0,Japanese Grand Prix
334,16,R,0,albon,Alexander,Albon,16.0,Japanese Grand Prix
335,17,R,0,sargeant,Logan,Sargeant,16.0,Japanese Grand Prix
336,18,R,0,stroll,Lance,Stroll,16.0,Japanese Grand Prix
337,19,R,0,perez,Sergio,Pérez,16.0,Japanese Grand Prix
338,20,R,0,bottas,Valtteri,Bottas,16.0,Japanese Grand Prix
339,1,1,26,max_verstappen,Max,Verstappen,17.0,Qatar Grand Prix
340,2,2,18,piastri,Oscar,Piastri,17.0,Qatar Grand Prix
341,3,3,15,norris,Lando,Norris,17.0,Qatar Grand Prix
342,4,4,12,russell,George,Russell,17.0,Qatar Grand Prix
343,5,5,10,leclerc,Charles,Leclerc,17.0,Qatar Grand Prix
344,6,6,8,alonso,Fernando,Alonso,17.0,Qatar Grand Prix
345,7,7,6,ocon,Esteban,Ocon,17.0,Qatar Grand Prix
346,8,8,4,bottas,Valtteri,Bottas,17.0,Qatar Grand Prix
347,9,9,2,zhou,Guanyu,Zhou,17.0,Qatar Grand Prix
348,10,10,1,perez,Sergio,Pérez,17.0,Qatar Grand Prix
349,11,11,0,stroll,Lance,Stroll,17.0,Qatar Grand Prix
350,12,12,0,gasly,Pierre,Gasly,17.0,Qatar Grand Prix
351,13,13,0,albon,Alexander,Albon,17.0,Qatar Grand Prix
352,14,14,0,kevin_magnussen,Kevin,Magnussen,17.0,Qatar Grand Prix
353,15,15,0,tsunoda,Yuki,Tsunoda,17.0,Qatar Grand Prix
354,16,16,0,hulkenberg,Nico,Hülkenberg,17.0,Qatar Grand Prix
355,17,17,0,lawson,Liam,Lawson,17.0,Qatar Grand Prix
356,18,R,0,sargeant,Logan,Sargeant,17.0,Qatar Grand Prix
357,19,R,0,hamilton,Lewis,Hamilton,17.0,Qatar Grand Prix
358,20,W,0,sainz,Carlos,Sainz,17.0,Qatar Grand Prix
359,1,1,25,max_verstappen,Max,Verstappen,18.0,United States Grand Prix
360,2,2,18,norris,Lando,Norris,18.0,United States Grand Prix
361,3,3,15,sainz,Carlos,Sainz,18.0,United States Grand Prix
362,4,4,12,perez,Sergio,Pérez,18.0,United States Grand Prix
363,5,5,10,russell,George,Russell,18.0,United States Grand Prix
364,6,6,8,gasly,Pierre,Gasly,18.0,United States Grand Prix
365,7,7,6,stroll,Lance,Stroll,18.0,United States Grand Prix
366,8,8,5,tsunoda,Yuki,Tsunoda,18.0,United States Grand Prix
367,9,9,2,albon,Alexander,Albon,18.0,United States Grand Prix
368,10,10,1,sargeant,Logan,Sargeant,18.0,United States Grand Prix
369,11,11,0,hulkenberg,Nico,Hülkenberg,18.0,United States Grand Prix
370,12,12,0,bottas,Valtteri,Bottas,18.0,United States Grand Prix
371,13,13,0,zhou,Guanyu,Zhou,18.0,United States Grand Prix
372,14,14,0,kevin_magnussen,Kevin,Magnussen,18.0,United States Grand Prix
373,15,15,0,ricciardo,Daniel,Ricciardo,18.0,United States Grand Prix
374,16,R,0,alonso,Fernando,Alonso,18.0,United States Grand Prix
375,17,R,0,piastri,Oscar,Piastri,18.0,United States Grand Prix
376,18,R,0,ocon,Esteban,Ocon,18.0,United States Grand Prix
377,19,D,0,hamilton,Lewis,Hamilton,18.0,United States Grand Prix
378,20,D,0,leclerc,Charles,Leclerc,18.0,United States Grand Prix
379,1,1,25,max_verstappen,Max,Verstappen,19.0,Mexico City Grand Prix
380,2,2,19,hamilton,Lewis,Hamilton,19.0,Mexico City Grand Prix
381,3,3,15,leclerc,Charles,Leclerc,19.0,Mexico City Grand Prix
382,4,4,12,sainz,Carlos,Sainz,19.0,Mexico City Grand Prix
383,5,5,10,norris,Lando,Norris,19.0,Mexico City Grand Prix
384,6,6,8,russell,George,Russell,19.0,Mexico City Grand Prix
385,7,7,6,ricciardo,Daniel,Ricciardo,19.0,Mexico City Grand Prix
386,8,8,4,piastri,Oscar,Piastri,19.0,Mexico City Grand Prix
387,9,9,2,albon,Alexander,Albon,19.0,Mexico City Grand Prix
388,10,10,1,ocon,Esteban,Ocon,19.0,Mexico City Grand Prix
389,11,11,0,gasly,Pierre,Gasly,19.0,Mexico City Grand Prix
390,12,12,0,tsunoda,Yuki,Tsunoda,19.0,Mexico City Grand Prix
391,13,13,0,hulkenberg,Nico,Hülkenberg,19.0,Mexico City Grand Prix
392,14,14,0,zhou,Guanyu,Zhou,19.0,Mexico City Grand Prix
393,15,15,0,bottas,Valtteri,Bottas,19.0,Mexico City Grand Prix
394,16,16,0,sargeant,Logan,Sargeant,19.0,Mexico City Grand Prix
395,17,17,0,stroll,Lance,Stroll,19.0,Mexico City Grand Prix
396,18,R,0,alonso,Fernando,Alonso,19.0,Mexico City Grand Prix
397,19,R,0,kevin_magnussen,Kevin,Magnussen,19.0,Mexico City Grand Prix
398,20,R,0,perez,Sergio,Pérez,19.0,Mexico City Grand Prix
399,1,1,25,max_verstappen,Max,Verstappen,20.0,São Paulo Grand Prix
400,2,2,19,norris,Lando,Norris,20.0,São Paulo Grand Prix
401,3,3,15,alonso,Fernando,Alonso,20.0,São Paulo Grand Prix
402,4,4,12,perez,Sergio,Pérez,20.0,São Paulo Grand Prix
403,5,5,10,stroll,Lance,Stroll,20.0,São Paulo Grand Prix
404,6,6,8,sainz,Carlos,Sainz,20.0,São Paulo Grand Prix
405,7,7,6,gasly,Pierre,Gasly,20.0,São Paulo Grand Prix
406,8,8,4,hamilton,Lewis,Hamilton,20.0,São Paulo Grand Prix
407,9,9,2,tsunoda,Yuki,Tsunoda,20.0,São Paulo Grand Prix
408,10,10,1,ocon,Esteban,Ocon,20.0,São Paulo Grand Prix
409,11,11,0,sargeant,Logan,Sargeant,20.0,São Paulo Grand Prix
410,12,12,0,hulkenberg,Nico,Hülkenberg,20.0,São Paulo Grand Prix
411,13,13,0,ricciardo,Daniel,Ricciardo,20.0,São Paulo Grand Prix
412,14,14,0,piastri,Oscar,Piastri,20.0,São Paulo Grand Prix
413,15,R,0,russell,George,Russell,20.0,São Paulo Grand Prix
414,16,R,0,bottas,Valtteri,Bottas,20.0,São Paulo Grand Prix
415,17,R,0,zhou,Guanyu,Zhou,20.0,São Paulo Grand Prix
416,18,R,0,kevin_magnussen,Kevin,Magnussen,20.0,São Paulo Grand Prix
417,19,R,0,albon,Alexander,Albon,20.0,São Paulo Grand Prix
418,20,W,0,leclerc,Charles,Leclerc,20.0,São Paulo Grand Prix
419,1,1,25,max_verstappen,Max,Verstappen,21.0,Las Vegas Grand Prix
420,2,2,18,leclerc,Charles,Leclerc,21.0,Las Vegas Grand Prix
421,3,3,15,perez,Sergio,Pérez,21.0,Las Vegas Grand Prix
422,4,4,12,ocon,Esteban,Ocon,21.0,Las Vegas Grand Prix
423,5,5,10,stroll,Lance,Stroll,21.0,Las Vegas Grand Prix
424,6,6,8,sainz,Carlos,Sainz,21.0,Las Vegas Grand Prix
425,7,7,6,hamilton,Lewis,Hamilton,21.0,Las Vegas Grand Prix
426,8,8,4,russell,George,Russell,21.0,Las Vegas Grand Prix
427,9,9,2,alonso,Fernando,Alonso,21.0,Las Vegas Grand Prix
428,10,10,2,piastri,Oscar,Piastri,21.0,Las Vegas Grand Prix
429,11,11,0,gasly,Pierre,Gasly,21.0,Las Vegas Grand Prix
430,12,12,0,albon,Alexander,Albon,21.0,Las Vegas Grand Prix
431,13,13,0,kevin_magnussen,Kevin,Magnussen,21.0,Las Vegas Grand Prix
432,14,14,0,ricciardo,Daniel,Ricciardo,21.0,Las Vegas Grand Prix
433,15,15,0,zhou,Guanyu,Zhou,21.0,Las Vegas Grand Prix
434,16,16,0,sargeant,Logan,Sargeant,21.0,Las Vegas Grand Prix
435,17,17,0,bottas,Valtteri,Bottas,21.0,Las Vegas Grand Prix
436,18,18,0,tsunoda,Yuki,Tsunoda,21.0,Las Vegas Grand Prix
437,19,19,0,hulkenberg,Nico,Hülkenberg,21.0,Las Vegas Grand Prix
438,20,R,0,norris,Lando,Norris,21.0,Las Vegas Grand Prix
439,1,1,26,max_verstappen,Max,Verstappen,22.0,Abu Dhabi Grand Prix
440,2,2,18,leclerc,Charles,Leclerc,22.0,Abu Dhabi Grand Prix
441,3,3,15,russell,George,Russell,22.0,Abu Dhabi Grand Prix
442,4,4,12,perez,Sergio,Pérez,22.0,Abu Dhabi Grand Prix
443,5,5,10,norris,Lando,Norris,22.0,Abu Dhabi Grand Prix
444,6,6,8,piastri,Oscar,Piastri,22.0,Abu Dhabi Grand Prix
445,7,7,6,alonso,Fernando,Alonso,22.0,Abu Dhabi Grand Prix
446,8,8,4,tsunoda,Yuki,Tsunoda,22.0,Abu Dhabi Grand Prix
447,9,9,2,hamilton,Lewis,Hamilton,22.0,Abu Dhabi Grand Prix
448,10,10,1,stroll,Lance,Stroll,22.0,Abu Dhabi Grand Prix
449,11,11,0,ricciardo,Daniel,Ricciardo,22.0,Abu Dhabi Grand Prix
450,12,12,0,ocon,Esteban,Ocon,22.0,Abu Dhabi Grand Prix
451,13,13,0,gasly,Pierre,Gasly,22.0,Abu Dhabi Grand Prix
452,14,14,0,albon,Alexander,Albon,22.0,Abu Dhabi Grand Prix
453,15,15,0,hulkenberg,Nico,Hülkenberg,22.0,Abu Dhabi Grand Prix
454,16,16,0,sargeant,Logan,Sargeant,22.0,Abu Dhabi Grand Prix
455,17,17,0,zhou,Guanyu,Zhou,22.0,Abu Dhabi Grand Prix
456,18,18,0,sainz,Carlos,Sainz,22.0,Abu Dhabi Grand Prix
457,19,19,0,bottas,Valtteri,Bottas,22.0,Abu Dhabi Grand Prix
458,20,20,0,kevin_magnussen,Kevin,Magnussen,22.0,Abu Dhabi Grand Prix
